{
    "name": "Sweet Home",
    "id": "Sweet Home",
    "centerPoint": [
        44.70380207177488,
        -122.20881790810701
    ],
    "boundHeight": 0.1,
    "hasBeenProcessed": true,
    "dem": {
        "min": 299.6767883300781,
        "max": 1563.0224609375
    },
    "precip": {
        "min": 1080.0,
        "max": 2600.0
    },
    "temp": {
        "min": 5.5,
        "max": 12.0
    },
    "water": {
        "min": 1.0,
        "max": 1.0
    }
}